{"epoch":149,"_timestamp":1.744873088707946e+09,"_runtime":149.707539,"spike_count_train_epoch":0,"val_loss":0.13132865726947784,"final_test_accuracy":1,"_wandb":{"runtime":149},"final_val_accuracy":0.9921875,"train_loss":0.0957457646727562,"spike_count_val_epoch":61,"val_accuracy":0.9921875,"final_train_accuracy":1,"_step":300}