{"_wandb":{"runtime":26},"val_loss":0.005877040326595306,"final_val_accuracy":1,"final_train_accuracy":1,"_timestamp":1.744781541268518e+09,"_runtime":26.125251,"val_accuracy":1,"train_loss":0.0039156475104391575,"_step":100,"final_test_accuracy":0.99609375,"epoch":99}