{"train_loss":0.005844848230481148,"spike_count_train_epoch":0,"_step":200,"final_val_accuracy":1,"final_test_accuracy":1,"val_accuracy":1,"epoch":99,"_timestamp":1.744783914769513e+09,"spike_count_val_epoch":3106,"_wandb":{"runtime":142},"final_train_accuracy":1,"val_loss":0.006260481663048267,"_runtime":142.697155}