{"val_accuracy":1,"_wandb":{"runtime":26},"_timestamp":1.744781572781387e+09,"_runtime":26.239069,"val_loss":0.005877040326595306,"epoch":99,"_step":100,"final_val_accuracy":1,"train_loss":0.0039156475104391575,"final_train_accuracy":1,"final_test_accuracy":0.99609375}