{"val_loss":0.06482431292533875,"final_test_accuracy":0.99609375,"final_train_accuracy":1,"train_loss":0.04181666672229767,"epoch":149,"val_accuracy":1,"_step":150,"final_val_accuracy":1,"_wandb":{"runtime":26},"_timestamp":1.7448703327852569e+09,"_runtime":26.979195}