{"epoch":149,"_step":150,"final_train_accuracy":1,"_timestamp":1.744871580258508e+09,"val_accuracy":1,"final_test_accuracy":1,"_wandb":{"runtime":26},"_runtime":26.031951,"train_loss":0.04182720556855202,"final_val_accuracy":1,"val_loss":0.06527060270309448}