{"_wandb":{"runtime":4039},"final_test_accuracy":0.6328125,"final_val_accuracy":0.6328125,"_timestamp":1.744914139090061e+09,"spike_count_val_epoch":0,"_step":300,"train_loss":0.7196202874183655,"spike_count_train_epoch":0,"val_loss":0.6421701908111572,"epoch":149,"final_train_accuracy":0.68359375,"val_accuracy":0.6328125,"_runtime":4039.854432}