{"_timestamp":1.744778410108772e+09,"final_test_accuracy":0.9921875,"val_loss":0.06256340444087982,"_runtime":127.109929,"epoch":99,"train_loss":0.035119637846946716,"spike_count_val_epoch":3559,"val_accuracy":0.9921875,"_wandb":{"runtime":127},"spike_count_train_epoch":0,"final_train_accuracy":1,"final_val_accuracy":0.9921875,"_step":200}