{"final_test_accuracy":0.9921875,"spike_count_val_epoch":3559,"_step":200,"_timestamp":1.744817332302517e+09,"val_loss":0.06256340444087982,"_runtime":118.63651,"final_train_accuracy":1,"_wandb":{"runtime":118},"final_val_accuracy":0.9921875,"epoch":99,"spike_count_train_epoch":0,"val_accuracy":0.9921875,"train_loss":0.035119637846946716}