{"final_test_accuracy":1,"_wandb":{"runtime":144},"_step":300,"final_val_accuracy":1,"_runtime":144.420723,"train_loss":0.08434566110372543,"val_loss":0.10018189996480942,"epoch":149,"spike_count_train_epoch":0,"val_accuracy":1,"spike_count_val_epoch":114,"final_train_accuracy":1,"_timestamp":1.744902894212308e+09}