{"_timestamp":1.7449046463584309e+09,"val_accuracy":1,"spike_count_val_epoch":60,"_wandb":{"runtime":177},"val_loss":0.001114175422117114,"epoch":149,"spike_count_train_epoch":0,"final_train_accuracy":1,"final_test_accuracy":0.99609375,"final_val_accuracy":1,"train_loss":0.0018282805103808641,"_runtime":177.188501,"_step":300}