{"val_accuracy":1,"epoch":99,"_timestamp":1.744781130929162e+09,"_step":100,"final_test_accuracy":0.99609375,"final_val_accuracy":1,"train_loss":0.09240120649337769,"final_train_accuracy":1,"val_loss":0.12281675636768341,"_wandb":{"runtime":24},"_runtime":24.170727}