{"epoch":99,"_timestamp":1.744781602896511e+09,"final_train_accuracy":1,"final_test_accuracy":0.99609375,"val_loss":0.005877040326595306,"_step":100,"_wandb":{"runtime":25},"val_accuracy":1,"final_val_accuracy":1,"_runtime":25.882638,"train_loss":0.0039156475104391575}