{"val_accuracy":0.9921875,"_timestamp":1.744817804170797e+09,"final_test_accuracy":0.9921875,"final_train_accuracy":1,"epoch":99,"train_loss":0.035119637846946716,"spike_count_train_epoch":0,"spike_count_val_epoch":3559,"_step":200,"final_val_accuracy":0.9921875,"_wandb":{"runtime":109},"_runtime":109.810906,"val_loss":0.06256340444087982}