{"val_loss":0.002628297545015812,"_wandb":{"runtime":36},"train_loss":0.0020734418649226427,"epoch":149,"final_test_accuracy":1,"_timestamp":1.744872429183339e+09,"_step":150,"final_val_accuracy":1,"val_accuracy":1,"_runtime":36.027313,"final_train_accuracy":1}