{"_runtime":133.794723,"_step":300,"spike_count_train_epoch":0,"_wandb":{"runtime":133},"epoch":149,"val_accuracy":0.9921875,"val_loss":0.13132865726947784,"spike_count_val_epoch":61,"final_train_accuracy":1,"_timestamp":1.744903031458018e+09,"train_loss":0.0957457646727562,"final_test_accuracy":1,"final_val_accuracy":0.9921875}