{"val_loss":0.0026734224520623684,"final_val_accuracy":1,"_wandb":{"runtime":37},"train_loss":0.0017463535768911242,"_timestamp":1.744902249085453e+09,"final_test_accuracy":1,"_step":150,"epoch":149,"_runtime":37.201814,"final_train_accuracy":1,"val_accuracy":1}