{"final_train_accuracy":1,"train_loss":0.035119637846946716,"epoch":99,"_runtime":115.624229,"_step":200,"spike_count_val_epoch":3559,"final_val_accuracy":0.9921875,"_wandb":{"runtime":115},"val_loss":0.06256340444087982,"spike_count_train_epoch":0,"_timestamp":1.744778957176057e+09,"val_accuracy":0.9921875,"final_test_accuracy":0.9921875}