{"_timestamp":1.744781038879925e+09,"epoch":99,"train_loss":0.09240120649337769,"final_test_accuracy":0.99609375,"_runtime":17.828772999999998,"val_accuracy":1,"_wandb":{"runtime":17},"val_loss":0.12281675636768341,"_step":100,"final_train_accuracy":1,"final_val_accuracy":1}