{"val_accuracy":1,"final_val_accuracy":1,"epoch":149,"_step":150,"train_loss":0.0025183961261063814,"_timestamp":1.7449025792390962e+09,"_runtime":34.856261,"final_test_accuracy":1,"val_loss":0.003494162345305085,"final_train_accuracy":1,"_wandb":{"runtime":34}}