{"final_test_accuracy":1,"_step":200,"final_val_accuracy":1,"final_train_accuracy":1,"val_accuracy":1,"spike_count_train_epoch":0,"_wandb":{"runtime":124},"spike_count_val_epoch":1497,"train_loss":0.08852352946996689,"val_loss":0.1169930100440979,"epoch":99,"_timestamp":1.744781745790014e+09,"_runtime":124.512337}