{"_runtime":16807.877483,"val_loss":0.6630427837371826,"_step":300,"spike_count_train_epoch":0,"val_accuracy":0.63671875,"final_val_accuracy":0.63671875,"final_train_accuracy":0.6484375,"spike_count_val_epoch":0,"epoch":149,"_timestamp":1.744902208377248e+09,"final_test_accuracy":0.65625,"_wandb":{"runtime":16807},"train_loss":0.6589277982711792}