{"_runtime":124.210475,"final_val_accuracy":0.98828125,"spike_count_train_epoch":0,"_wandb":{"runtime":124},"val_loss":0.08187159895896912,"final_train_accuracy":1,"epoch":99,"spike_count_val_epoch":2995,"val_accuracy":0.98828125,"train_loss":0.04480727016925812,"_step":200,"final_test_accuracy":0.984375,"_timestamp":1.744776424699847e+09}