{"_wandb":{"runtime":36},"val_loss":0.002628297545015812,"epoch":149,"_runtime":36.884449000000004,"final_train_accuracy":1,"val_accuracy":1,"_timestamp":1.744902411790105e+09,"train_loss":0.0020734418649226427,"_step":150,"final_test_accuracy":1,"final_val_accuracy":1}