{"train_loss":0.13820339739322662,"epoch":99,"_runtime":123.042882,"final_train_accuracy":0.96484375,"final_val_accuracy":0.9375,"_step":200,"val_loss":0.199659064412117,"_wandb":{"runtime":123},"spike_count_train_epoch":0,"_timestamp":1.744780177012536e+09,"val_accuracy":0.9375,"spike_count_val_epoch":4270,"final_test_accuracy":0.9609375}