{"_wandb":{"runtime":35},"_step":100,"final_train_accuracy":1,"val_accuracy":1,"final_val_accuracy":1,"_runtime":35.358343,"epoch":99,"_timestamp":1.744781510019907e+09,"train_loss":0.0039156475104391575,"final_test_accuracy":0.99609375,"val_loss":0.005877040326595306}