{"_runtime":138.43151,"train_loss":0.13820339739322662,"epoch":99,"spike_count_val_epoch":4270,"final_val_accuracy":0.9375,"_wandb":{"runtime":138},"val_accuracy":0.9375,"_step":200,"_timestamp":1.7447809719357061e+09,"final_test_accuracy":0.9609375,"val_loss":0.199659064412117,"spike_count_train_epoch":0,"final_train_accuracy":0.96484375}