{"_runtime":18.308157,"final_train_accuracy":1,"final_test_accuracy":0.99609375,"_wandb":{"runtime":18},"val_loss":0.12281675636768341,"epoch":99,"final_val_accuracy":1,"train_loss":0.09240120649337769,"val_accuracy":1,"_timestamp":1.7447812087991612e+09,"_step":100}