{"epoch":149,"final_test_accuracy":0.99609375,"val_accuracy":1,"_timestamp":1.744906234167058e+09,"spike_count_train_epoch":0,"final_val_accuracy":1,"train_loss":0.0032411525025963783,"_runtime":179.207889,"spike_count_val_epoch":60,"final_train_accuracy":1,"_step":300,"val_loss":0.0018692922312766314,"_wandb":{"runtime":179}}