{"_wandb":{"runtime":36},"val_loss":0.003494162345305085,"final_test_accuracy":1,"epoch":149,"final_val_accuracy":1,"_step":150,"val_accuracy":1,"_runtime":36.447005,"train_loss":0.0025183961261063814,"final_train_accuracy":1,"_timestamp":1.7448725966581178e+09}