{"_step":150,"_runtime":25.815686,"val_accuracy":1,"_wandb":{"runtime":25},"final_test_accuracy":0.99609375,"final_train_accuracy":1,"epoch":149,"train_loss":0.04183216020464897,"val_loss":0.06488168239593506,"final_val_accuracy":1,"_timestamp":1.744871703862973e+09}