{"spike_count_val_epoch":1497,"spike_count_train_epoch":0,"val_loss":0.1169930100440979,"val_accuracy":1,"epoch":99,"_wandb":{"runtime":123},"train_loss":0.08852352946996689,"_step":200,"_timestamp":1.744782136825582e+09,"_runtime":123.419356,"final_test_accuracy":1,"final_val_accuracy":1,"final_train_accuracy":1}