{"epoch":99,"_step":200,"final_val_accuracy":0.9375,"train_loss":0.13820339739322662,"_timestamp":1.744780444750463e+09,"spike_count_train_epoch":0,"_wandb":{"runtime":134},"final_train_accuracy":0.96484375,"spike_count_val_epoch":4270,"val_loss":0.199659064412117,"final_test_accuracy":0.9609375,"val_accuracy":0.9375,"_runtime":134.856569}