{"val_accuracy":1,"_step":150,"final_train_accuracy":1,"_timestamp":1.744871672058542e+09,"final_val_accuracy":1,"train_loss":0.04184429720044136,"val_loss":0.06531226634979248,"final_test_accuracy":1,"epoch":149,"_runtime":25.983105,"_wandb":{"runtime":25}}