{"epoch":149,"_timestamp":1.744907669258352e+09,"_runtime":2971.257593,"train_loss":1.64293372631073,"val_loss":0.5238161087036133,"spike_count_val_epoch":3532,"final_test_accuracy":0.78515625,"final_val_accuracy":0.796875,"val_accuracy":0.796875,"final_train_accuracy":0.89453125,"_wandb":{"runtime":2971},"_step":300,"spike_count_train_epoch":0}