{"val_loss":0.004054162185639143,"val_accuracy":1,"final_train_accuracy":1,"_step":150,"epoch":149,"train_loss":0.002487638033926487,"final_val_accuracy":1,"_timestamp":1.744872471321627e+09,"_runtime":36.747094,"_wandb":{"runtime":36},"final_test_accuracy":1}