{"spike_count_train_epoch":0,"spike_count_val_epoch":3106,"final_train_accuracy":1,"final_val_accuracy":1,"_runtime":134.724437,"_wandb":{"runtime":134},"train_loss":0.005844848230481148,"final_test_accuracy":1,"val_loss":0.006260481663048267,"_step":200,"val_accuracy":1,"_timestamp":1.744783625366831e+09,"epoch":99}