{"_step":150,"final_train_accuracy":1,"epoch":149,"val_loss":0.0026357932947576046,"_runtime":37.248834,"_timestamp":1.744872307207975e+09,"train_loss":0.002120903693139553,"final_val_accuracy":1,"val_accuracy":1,"final_test_accuracy":1,"_wandb":{"runtime":37}}