{"val_loss":0.006260481663048267,"final_val_accuracy":1,"val_accuracy":1,"train_loss":0.005844848230481148,"spike_count_train_epoch":0,"epoch":99,"_timestamp":1.744784351432174e+09,"spike_count_val_epoch":3106,"final_test_accuracy":1,"_runtime":144.132031,"_step":200,"final_train_accuracy":1,"_wandb":{"runtime":144}}