{"final_train_accuracy":0.89453125,"train_loss":1.64293372631073,"epoch":149,"_runtime":226.92152,"_step":300,"_wandb":{"runtime":227},"spike_count_val_epoch":3532,"final_val_accuracy":0.796875,"val_accuracy":0.796875,"val_loss":0.5238161087036133,"spike_count_train_epoch":0,"final_test_accuracy":0.78515625,"_timestamp":1.7448741611239731e+09}