{"final_val_accuracy":0.9921875,"_wandb":{"runtime":113},"val_loss":0.06256340444087982,"final_train_accuracy":1,"train_loss":0.035119637846946716,"spike_count_val_epoch":3559,"spike_count_train_epoch":0,"val_accuracy":0.9921875,"final_test_accuracy":0.9921875,"_step":200,"_runtime":113.393452,"epoch":99,"_timestamp":1.744779433582758e+09}