{"_wandb":{"runtime":30},"val_loss":0.005877040326595306,"_timestamp":1.7447814272340128e+09,"final_test_accuracy":0.99609375,"val_accuracy":1,"final_val_accuracy":1,"_step":100,"train_loss":0.0039156475104391575,"epoch":99,"_runtime":30.1057,"final_train_accuracy":1}