{"final_val_accuracy":0.859375,"_wandb":{"runtime":139},"spike_count_train_epoch":0,"final_train_accuracy":0.85546875,"_step":300,"final_test_accuracy":0.875,"_timestamp":1.744868124650847e+09,"val_loss":0.48840099573135376,"_runtime":139.247415,"train_loss":0.5236122608184814,"val_accuracy":0.859375,"epoch":149,"spike_count_val_epoch":188}