{"_timestamp":1.744781391305853e+09,"final_test_accuracy":0.99609375,"_runtime":29.656583,"_wandb":{"runtime":29},"val_accuracy":1,"val_loss":0.005877040326595306,"final_val_accuracy":1,"train_loss":0.0039156475104391575,"epoch":99,"final_train_accuracy":1,"_step":100}