{"train_loss":0.008211950771510601,"spike_count_val_epoch":5067,"final_val_accuracy":1,"final_test_accuracy":0.9921875,"spike_count_train_epoch":0,"final_train_accuracy":1,"_runtime":140.992971,"val_accuracy":1,"val_loss":0.013601608574390411,"epoch":99,"_timestamp":1.744784658680251e+09,"_wandb":{"runtime":140},"_step":200}