{"_runtime":127.143984,"spike_count_train_epoch":0,"_wandb":{"runtime":127},"spike_count_val_epoch":4270,"final_train_accuracy":0.96484375,"final_val_accuracy":0.9375,"val_accuracy":0.9375,"_timestamp":1.744780575004034e+09,"_step":200,"epoch":99,"final_test_accuracy":0.9609375,"train_loss":0.13820339739322662,"val_loss":0.199659064412117}