{"final_val_accuracy":1,"_timestamp":1.744806892616792e+09,"spike_count_train_epoch":0,"_wandb":{"runtime":11325},"_step":200,"val_accuracy":1,"epoch":99,"train_loss":0.008211950771510601,"val_loss":0.013601608574390411,"spike_count_val_epoch":5067,"final_train_accuracy":1,"_runtime":11325.307958,"final_test_accuracy":0.9921875}