{"final_val_accuracy":0.75,"_timestamp":1.744868254855256e+09,"final_train_accuracy":0.77734375,"_wandb":{"runtime":125},"spike_count_train_epoch":0,"epoch":149,"spike_count_val_epoch":154,"val_accuracy":0.75,"final_test_accuracy":0.78515625,"_step":300,"train_loss":0.5829732418060303,"val_loss":0.5725910663604736,"_runtime":125.763261}