{"val_loss":0.0026734224520623684,"val_accuracy":1,"_step":150,"_wandb":{"runtime":39},"train_loss":0.0017463535768911242,"final_val_accuracy":1,"_timestamp":1.7448722633445408e+09,"_runtime":39.426009,"final_test_accuracy":1,"final_train_accuracy":1,"epoch":149}