{"_runtime":54.407028,"val_accuracy":1,"train_loss":0.0039156475104391575,"val_loss":0.005877040326595306,"_wandb":{"runtime":54},"_step":100,"final_val_accuracy":1,"final_train_accuracy":1,"final_test_accuracy":0.99609375,"epoch":99,"_timestamp":1.744781322371552e+09}