{"val_accuracy":1,"final_train_accuracy":1,"epoch":149,"final_val_accuracy":1,"final_test_accuracy":1,"_timestamp":1.7449024922572649e+09,"_step":150,"train_loss":0.0016283425502479076,"_wandb":{"runtime":34},"val_loss":0.002659289399161935,"_runtime":34.907311}