{"_timestamp":1.7447814678469188e+09,"_step":100,"_wandb":{"runtime":34},"final_test_accuracy":0.99609375,"_runtime":34.244403,"final_train_accuracy":1,"final_val_accuracy":1,"train_loss":0.0039156475104391575,"val_loss":0.005877040326595306,"epoch":99,"val_accuracy":1}