{"_step":200,"val_loss":0.06256340444087982,"final_train_accuracy":1,"_wandb":{"runtime":108},"val_accuracy":0.9921875,"train_loss":0.035119637846946716,"_timestamp":1.744817915156797e+09,"_runtime":108.636697,"final_val_accuracy":0.9921875,"final_test_accuracy":0.9921875,"spike_count_train_epoch":0,"epoch":99,"spike_count_val_epoch":3559}