{"_runtime":168.165131,"final_test_accuracy":0.6328125,"_wandb":{"runtime":168},"final_val_accuracy":0.6328125,"spike_count_train_epoch":0,"val_accuracy":0.6328125,"epoch":149,"_step":300,"train_loss":0.7211136221885681,"val_loss":0.6421824097633362,"spike_count_val_epoch":0,"final_train_accuracy":0.6796875,"_timestamp":1.744874950550028e+09}