{"epoch":99,"_wandb":{"runtime":154},"final_test_accuracy":0.796875,"final_train_accuracy":0.82421875,"_timestamp":1.744816917594594e+09,"train_loss":0.3089999556541443,"val_accuracy":0.8828125,"val_loss":0.2695406675338745,"final_val_accuracy":0.8828125,"spike_count_train_epoch":0,"_runtime":154.311668,"_step":200,"spike_count_val_epoch":36490}