{"final_test_accuracy":0.796875,"final_val_accuracy":0.8828125,"_wandb":{"runtime":337},"_step":200,"_runtime":337.37075,"spike_count_val_epoch":36490,"val_accuracy":0.8828125,"spike_count_train_epoch":0,"_timestamp":1.744807729880308e+09,"train_loss":0.3089999556541443,"val_loss":0.2695406675338745,"epoch":99,"final_train_accuracy":0.82421875}