{"_timestamp":1.744904313980114e+09,"final_val_accuracy":1,"final_train_accuracy":1,"_step":300,"final_test_accuracy":0.99609375,"val_accuracy":1,"epoch":149,"train_loss":0.0012194560840725899,"_wandb":{"runtime":164},"spike_count_val_epoch":10,"_runtime":164.466683,"spike_count_train_epoch":0,"val_loss":0.0019930913113057613}