{"train_loss":0.08852352946996689,"spike_count_train_epoch":0,"_runtime":130.127743,"final_test_accuracy":1,"_step":200,"_wandb":{"runtime":130},"final_val_accuracy":1,"val_loss":0.1169930100440979,"spike_count_val_epoch":1497,"final_train_accuracy":1,"_timestamp":1.744782432780879e+09,"val_accuracy":1,"epoch":99}