{"val_loss":0.0037183701060712337,"train_loss":0.0022326719481498003,"final_test_accuracy":1,"_wandb":{"runtime":34},"_step":150,"_timestamp":1.744902532241046e+09,"val_accuracy":1,"epoch":149,"final_train_accuracy":1,"_runtime":34.83836,"final_val_accuracy":1}