{"_timestamp":1.744776903640254e+09,"val_loss":0.07491865754127502,"val_accuracy":0.98828125,"epoch":99,"_runtime":107.961034,"spike_count_train_epoch":0,"final_val_accuracy":0.98828125,"train_loss":0.044323455542325974,"_wandb":{"runtime":107},"spike_count_val_epoch":3650,"_step":200,"final_train_accuracy":1,"final_test_accuracy":0.99609375}