{"spike_count_val_epoch":4270,"final_val_accuracy":0.9375,"final_train_accuracy":0.96484375,"val_accuracy":0.9375,"_wandb":{"runtime":122},"_runtime":122.727765,"val_loss":0.199659064412117,"epoch":99,"train_loss":0.13820339739322662,"final_test_accuracy":0.9609375,"_timestamp":1.744780702296119e+09,"spike_count_train_epoch":0,"_step":200}