{"_timestamp":1.744816757815559e+09,"train_loss":0.3089999556541443,"_step":200,"val_loss":0.2695406675338745,"epoch":99,"final_test_accuracy":0.796875,"final_train_accuracy":0.82421875,"_wandb":{"runtime":142},"spike_count_val_epoch":36490,"final_val_accuracy":0.8828125,"spike_count_train_epoch":0,"val_accuracy":0.8828125,"_runtime":142.816495}