{"epoch":149,"final_test_accuracy":1,"_step":150,"train_loss":0.04185925051569939,"val_loss":0.06531036645174026,"final_train_accuracy":1,"final_val_accuracy":1,"_wandb":{"runtime":26},"val_accuracy":1,"_runtime":26.829947,"_timestamp":1.744871611473665e+09}