{"epoch":149,"val_loss":0.002659289399161935,"_step":150,"train_loss":0.0016283425502479076,"final_val_accuracy":1,"_wandb":{"runtime":37},"final_test_accuracy":1,"_timestamp":1.74487251435263e+09,"_runtime":37.863988,"val_accuracy":1,"final_train_accuracy":1}