{"train_loss":0.008211950771510601,"_timestamp":1.744784801337249e+09,"spike_count_val_epoch":5067,"_step":200,"spike_count_train_epoch":0,"_wandb":{"runtime":140},"_runtime":140.337068,"epoch":99,"val_accuracy":1,"final_test_accuracy":0.9921875,"final_val_accuracy":1,"val_loss":0.013601608574390411,"final_train_accuracy":1}