{"_timestamp":1.744904147311648e+09,"spike_count_train_epoch":0,"final_test_accuracy":0.99609375,"final_val_accuracy":1,"final_train_accuracy":1,"train_loss":0.0024554836563766003,"val_loss":0.001251491834409535,"_runtime":180.835142,"_step":300,"spike_count_val_epoch":77,"epoch":149,"val_accuracy":1,"_wandb":{"runtime":180}}