{"final_test_accuracy":0.796875,"val_accuracy":0.8828125,"epoch":99,"final_train_accuracy":0.82421875,"_timestamp":1.7448172103587341e+09,"train_loss":0.3089999556541443,"spike_count_val_epoch":36490,"final_val_accuracy":0.8828125,"_runtime":140.907433,"_step":200,"_wandb":{"runtime":140},"spike_count_train_epoch":0,"val_loss":0.2695406675338745}