{"epoch":99,"spike_count_val_epoch":3559,"_wandb":{"runtime":112},"val_loss":0.06256340444087982,"spike_count_train_epoch":0,"final_train_accuracy":1,"_runtime":112.321433,"train_loss":0.035119637846946716,"_timestamp":1.744779777793601e+09,"_step":200,"final_val_accuracy":0.9921875,"val_accuracy":0.9921875,"final_test_accuracy":0.9921875}