{"final_train_accuracy":0.99609375,"_timestamp":1.7447765479340339e+09,"final_test_accuracy":0.9921875,"spike_count_train_epoch":0,"val_accuracy":0.98828125,"epoch":99,"_step":200,"train_loss":0.06752850860357285,"spike_count_val_epoch":2159,"val_loss":0.08020040392875671,"final_val_accuracy":0.98828125,"_wandb":{"runtime":118},"_runtime":118.978494}