{"val_loss":0.0037183701060712337,"train_loss":0.0022326719481498003,"epoch":149,"final_test_accuracy":1,"_runtime":38.106941,"final_train_accuracy":1,"_step":150,"final_val_accuracy":1,"val_accuracy":1,"_wandb":{"runtime":38},"_timestamp":1.744872554794251e+09}