{"final_train_accuracy":1,"val_accuracy":1,"spike_count_val_epoch":1497,"_wandb":{"runtime":122},"_timestamp":1.744782007042333e+09,"final_test_accuracy":1,"train_loss":0.08852352946996689,"_step":200,"final_val_accuracy":1,"val_loss":0.1169930100440979,"spike_count_train_epoch":0,"epoch":99,"_runtime":122.864641}