{"spike_count_val_epoch":3559,"spike_count_train_epoch":0,"_wandb":{"runtime":104},"val_loss":0.06256340444087982,"final_train_accuracy":1,"final_test_accuracy":0.9921875,"_timestamp":1.74477954206963e+09,"final_val_accuracy":0.9921875,"train_loss":0.035119637846946716,"epoch":99,"val_accuracy":0.9921875,"_runtime":104.163038,"_step":200}