{"val_accuracy":1,"_runtime":156.195098,"final_test_accuracy":0.9921875,"final_val_accuracy":1,"_step":200,"spike_count_val_epoch":5067,"epoch":99,"_timestamp":1.744784960986562e+09,"spike_count_train_epoch":0,"val_loss":0.013601608574390411,"train_loss":0.008211950771510601,"_wandb":{"runtime":156},"final_train_accuracy":1}