{"final_val_accuracy":0.9921875,"train_loss":0.07404354214668274,"final_train_accuracy":1,"_step":200,"_timestamp":1.744776671584123e+09,"spike_count_val_epoch":5251,"final_test_accuracy":0.99609375,"_runtime":119.882874,"val_loss":0.1020105853676796,"_wandb":{"runtime":119},"val_accuracy":0.9921875,"epoch":99,"spike_count_train_epoch":0}