{"train_loss":0.002419313183054328,"_timestamp":1.744904466678427e+09,"_runtime":149.56507,"_step":300,"final_val_accuracy":1,"final_train_accuracy":1,"spike_count_val_epoch":9,"val_accuracy":1,"spike_count_train_epoch":0,"epoch":149,"final_test_accuracy":0.99609375,"_wandb":{"runtime":149},"val_loss":0.003421504283323884}