{"_wandb":{"runtime":122},"epoch":99,"val_accuracy":0.9375,"spike_count_val_epoch":4270,"final_val_accuracy":0.9375,"val_loss":0.199659064412117,"_timestamp":1.744780303515538e+09,"train_loss":0.13820339739322662,"final_train_accuracy":0.96484375,"_runtime":122.357414,"_step":200,"spike_count_train_epoch":0,"final_test_accuracy":0.9609375}