{"_wandb":{"runtime":106},"_runtime":106.976245,"epoch":99,"spike_count_train_epoch":0,"final_val_accuracy":0.9921875,"train_loss":0.035119637846946716,"final_test_accuracy":0.9921875,"_step":200,"spike_count_val_epoch":3559,"final_train_accuracy":1,"val_loss":0.06256340444087982,"_timestamp":1.744817688194079e+09,"val_accuracy":0.9921875}