{"val_accuracy":0.9921875,"epoch":99,"_runtime":124.864215,"final_val_accuracy":0.9921875,"val_loss":0.06256340444087982,"_step":200,"final_test_accuracy":0.9921875,"train_loss":0.035119637846946716,"spike_count_train_epoch":0,"final_train_accuracy":1,"_wandb":{"runtime":124},"_timestamp":1.7448174614644842e+09,"spike_count_val_epoch":3559}