{"final_val_accuracy":0.9921875,"_runtime":114.941581,"_timestamp":1.744818151261569e+09,"val_loss":0.06256340444087982,"val_accuracy":0.9921875,"epoch":99,"train_loss":0.035119637846946716,"spike_count_val_epoch":3559,"final_test_accuracy":0.9921875,"spike_count_train_epoch":0,"_step":200,"final_train_accuracy":1,"_wandb":{"runtime":114}}