{"val_accuracy":1,"final_val_accuracy":1,"final_train_accuracy":1,"val_loss":0.013601608574390411,"_timestamp":1.744784515142288e+09,"spike_count_val_epoch":5067,"_runtime":160.440006,"spike_count_train_epoch":0,"epoch":99,"train_loss":0.008211950771510601,"final_test_accuracy":0.9921875,"_wandb":{"runtime":160},"_step":200}