{"val_loss":0.12281675636768341,"final_test_accuracy":0.99609375,"final_val_accuracy":1,"_timestamp":1.744781102832347e+09,"train_loss":0.09240120649337769,"_wandb":{"runtime":27},"epoch":99,"final_train_accuracy":1,"val_accuracy":1,"_runtime":27.908136,"_step":100}