{"train_loss":0.08852352946996689,"val_accuracy":1,"_wandb":{"runtime":200},"spike_count_val_epoch":1497,"spike_count_train_epoch":0,"_runtime":200.210781,"_step":200,"final_test_accuracy":1,"val_loss":0.1169930100440979,"final_val_accuracy":1,"_timestamp":1.744782635506145e+09,"epoch":99,"final_train_accuracy":1}