{"_runtime":107.622006,"_step":200,"_timestamp":1.7447770157014809e+09,"final_train_accuracy":0.99609375,"spike_count_val_epoch":2800,"val_accuracy":0.94140625,"spike_count_train_epoch":0,"epoch":99,"final_test_accuracy":0.94140625,"final_val_accuracy":0.94140625,"val_loss":0.17410355806350708,"_wandb":{"runtime":107},"train_loss":0.08321517705917358}