{"final_train_accuracy":0.82421875,"_timestamp":1.74481597805691e+09,"spike_count_train_epoch":0,"train_loss":0.3089999556541443,"final_val_accuracy":0.8828125,"val_accuracy":0.8828125,"spike_count_val_epoch":36490,"val_loss":0.2695406675338745,"_wandb":{"runtime":141},"epoch":99,"_step":200,"final_test_accuracy":0.796875,"_runtime":141.502293}