{"_runtime":128.028044,"epoch":99,"_timestamp":1.744781877583401e+09,"train_loss":0.08852352946996689,"spike_count_val_epoch":1497,"val_accuracy":1,"spike_count_train_epoch":0,"final_train_accuracy":1,"_step":200,"final_test_accuracy":1,"final_val_accuracy":1,"_wandb":{"runtime":128},"val_loss":0.1169930100440979}