{"_timestamp":1.744871517717224e+09,"epoch":149,"final_test_accuracy":1,"_wandb":{"runtime":25},"val_accuracy":1,"train_loss":0.04182560369372368,"val_loss":0.06526626646518707,"_step":150,"final_train_accuracy":1,"_runtime":25.75273,"final_val_accuracy":1}